<?xml version="1.0" encoding="UTF-8"?>
<GenRun Id="impl_1" LaunchPart="xc7s50csga324-1" LaunchTime="1657733463">
  <File Type="ROUTE-PWR" Name="wrapper_RTM_power_routed.rpt"/>
  <File Type="PA-TCL" Name="wrapper_RTM.tcl"/>
  <File Type="BITSTR-MMI" Name="wrapper_RTM.mmi"/>
  <File Type="OPT-METHODOLOGY-DRC" Name="wrapper_RTM_methodology_drc_opted.rpt"/>
  <File Type="INIT-TIMING" Name="wrapper_RTM_timing_summary_init.rpt"/>
  <File Type="ROUTE-PWR-SUM" Name="wrapper_RTM_power_summary_routed.pb"/>
  <File Type="REPORTS-TCL" Name="wrapper_RTM_reports.tcl"/>
  <File Type="OPT-TIMING" Name="wrapper_RTM_timing_summary_opted.rpt"/>
  <File Type="OPT-DCP" Name="wrapper_RTM_opt.dcp"/>
  <File Type="OPT-DRC" Name="wrapper_RTM_drc_opted.rpt"/>
  <File Type="OPT-HWDEF" Name="wrapper_RTM.hwdef"/>
  <File Type="PWROPT-DCP" Name="wrapper_RTM_pwropt.dcp"/>
  <File Type="PWROPT-DRC" Name="wrapper_RTM_drc_pwropted.rpt"/>
  <File Type="PWROPT-TIMING" Name="wrapper_RTM_timing_summary_pwropted.rpt"/>
  <File Type="PLACE-DCP" Name="wrapper_RTM_placed.dcp"/>
  <File Type="PLACE-IO" Name="wrapper_RTM_io_placed.rpt"/>
  <File Type="PLACE-CLK" Name="wrapper_RTM_clock_utilization_placed.rpt"/>
  <File Type="PLACE-UTIL" Name="wrapper_RTM_utilization_placed.rpt"/>
  <File Type="PLACE-UTIL-PB" Name="wrapper_RTM_utilization_placed.pb"/>
  <File Type="PLACE-CTRL" Name="wrapper_RTM_control_sets_placed.rpt"/>
  <File Type="PLACE-SIMILARITY" Name="wrapper_RTM_incremental_reuse_placed.rpt"/>
  <File Type="PLACE-PRE-SIMILARITY" Name="wrapper_RTM_incremental_reuse_pre_placed.rpt"/>
  <File Type="BG-BIN" Name="wrapper_RTM.bin"/>
  <File Type="PLACE-TIMING" Name="wrapper_RTM_timing_summary_placed.rpt"/>
  <File Type="POSTPLACE-PWROPT-DCP" Name="wrapper_RTM_postplace_pwropt.dcp"/>
  <File Type="BITSTR-MSK" Name="wrapper_RTM.msk"/>
  <File Type="POSTPLACE-PWROPT-TIMING" Name="wrapper_RTM_timing_summary_postplace_pwropted.rpt"/>
  <File Type="PHYSOPT-DCP" Name="wrapper_RTM_physopt.dcp"/>
  <File Type="PHYSOPT-DRC" Name="wrapper_RTM_drc_physopted.rpt"/>
  <File Type="BITSTR-RBT" Name="wrapper_RTM.rbt"/>
  <File Type="PHYSOPT-TIMING" Name="wrapper_RTM_timing_summary_physopted.rpt"/>
  <File Type="ROUTE-ERROR-DCP" Name="wrapper_RTM_routed_error.dcp"/>
  <File Type="ROUTE-DCP" Name="wrapper_RTM_routed.dcp"/>
  <File Type="ROUTE-BLACKBOX-DCP" Name="wrapper_RTM_routed_bb.dcp"/>
  <File Type="ROUTE-DRC" Name="wrapper_RTM_drc_routed.rpt"/>
  <File Type="ROUTE-DRC-PB" Name="wrapper_RTM_drc_routed.pb"/>
  <File Type="ROUTE-DRC-RPX" Name="wrapper_RTM_drc_routed.rpx"/>
  <File Type="ROUTE-METHODOLOGY-DRC" Name="wrapper_RTM_methodology_drc_routed.rpt"/>
  <File Type="ROUTE-METHODOLOGY-DRC-RPX" Name="wrapper_RTM_methodology_drc_routed.rpx"/>
  <File Type="ROUTE-METHODOLOGY-DRC-PB" Name="wrapper_RTM_methodology_drc_routed.pb"/>
  <File Type="ROUTE-PWR-RPX" Name="wrapper_RTM_power_routed.rpx"/>
  <File Type="ROUTE-STATUS" Name="wrapper_RTM_route_status.rpt"/>
  <File Type="ROUTE-STATUS-PB" Name="wrapper_RTM_route_status.pb"/>
  <File Type="ROUTE-TIMINGSUMMARY" Name="wrapper_RTM_timing_summary_routed.rpt"/>
  <File Type="ROUTE-TIMING-PB" Name="wrapper_RTM_timing_summary_routed.pb"/>
  <File Type="ROUTE-TIMING-RPX" Name="wrapper_RTM_timing_summary_routed.rpx"/>
  <File Type="ROUTE-SIMILARITY" Name="wrapper_RTM_incremental_reuse_routed.rpt"/>
  <File Type="ROUTE-CLK" Name="wrapper_RTM_clock_utilization_routed.rpt"/>
  <File Type="ROUTE-BUS-SKEW" Name="wrapper_RTM_bus_skew_routed.rpt"/>
  <File Type="ROUTE-BUS-SKEW-PB" Name="wrapper_RTM_bus_skew_routed.pb"/>
  <File Type="ROUTE-BUS-SKEW-RPX" Name="wrapper_RTM_bus_skew_routed.rpx"/>
  <File Type="POSTROUTE-PHYSOPT-DCP" Name="wrapper_RTM_postroute_physopt.dcp"/>
  <File Type="POSTROUTE-PHYSOPT-BLACKBOX-DCP" Name="wrapper_RTM_postroute_physopt_bb.dcp"/>
  <File Type="POSTROUTE-PHYSOPT-TIMING" Name="wrapper_RTM_timing_summary_postroute_physopted.rpt"/>
  <File Type="POSTROUTE-PHYSOPT-TIMING-PB" Name="wrapper_RTM_timing_summary_postroute_physopted.pb"/>
  <File Type="POSTROUTE-PHYSOPT-TIMING-RPX" Name="wrapper_RTM_timing_summary_postroute_physopted.rpx"/>
  <File Type="POSTROUTE-PHYSOPT-BUS-SKEW" Name="wrapper_RTM_bus_skew_postroute_physopted.rpt"/>
  <File Type="BG-BIT" Name="wrapper_RTM.bit"/>
  <File Type="POSTROUTE-PHYSOPT-BUS-SKEW-PB" Name="wrapper_RTM_bus_skew_postroute_physopted.pb"/>
  <File Type="POSTROUTE-PHYSOPT-BUS-SKEW-RPX" Name="wrapper_RTM_bus_skew_postroute_physopted.rpx"/>
  <File Type="BITSTR-NKY" Name="wrapper_RTM.nky"/>
  <File Type="BITSTR-BMM" Name="wrapper_RTM_bd.bmm"/>
  <File Type="PDI-FILE" Name="wrapper_RTM.pdi"/>
  <File Type="RCFI_FILE" Name="wrapper_RTM.rcfi"/>
  <File Type="CFI_FILE" Name="wrapper_RTM.cfi"/>
  <File Type="RNPI_FILE" Name="wrapper_RTM.rnpi"/>
  <File Type="NPI_FILE" Name="wrapper_RTM.npi"/>
  <File Type="RBD_FILE" Name="wrapper_RTM.rbd"/>
  <File Type="BITSTR-LTX" Name="debug_nets.ltx"/>
  <File Type="BITSTR-LTX" Name="wrapper_RTM.ltx"/>
  <File Type="BITSTR-SYSDEF" Name="wrapper_RTM.sysdef"/>
  <File Type="BG-BGN" Name="wrapper_RTM.bgn"/>
  <File Type="BG-DRC" Name="wrapper_RTM.drc"/>
  <File Type="RDI-RDI" Name="wrapper_RTM.vdi"/>
  <File Type="WBT-USG" Name="usage_statistics_webtalk.html"/>
  <FileSet Name="sources" Type="DesignSrcs" RelSrcDir="$PSRCDIR/sources_1" RelGenDir="$PGENDIR/sources_1">
    <Filter Type="Srcs"/>
    <File Path="$PSRCDIR/sources_1/new/BCD_2_7seg.v">
      <FileInfo>
        <Attr Name="UsedIn" Val="synthesis"/>
        <Attr Name="UsedIn" Val="implementation"/>
        <Attr Name="UsedIn" Val="simulation"/>
      </FileInfo>
    </File>
    <File Path="$PSRCDIR/sources_1/new/MUX.v">
      <FileInfo SFType="SVerilog">
        <Attr Name="UsedIn" Val="synthesis"/>
        <Attr Name="UsedIn" Val="implementation"/>
        <Attr Name="UsedIn" Val="simulation"/>
      </FileInfo>
    </File>
    <File Path="$PSRCDIR/sources_1/new/Reaction_tim.v">
      <FileInfo SFType="SVerilog">
        <Attr Name="UsedIn" Val="synthesis"/>
        <Attr Name="UsedIn" Val="implementation"/>
        <Attr Name="UsedIn" Val="simulation"/>
      </FileInfo>
    </File>
    <File Path="$PSRCDIR/sources_1/new/bcd2_7seg.sv">
      <FileInfo>
        <Attr Name="UsedIn" Val="synthesis"/>
        <Attr Name="UsedIn" Val="implementation"/>
        <Attr Name="UsedIn" Val="simulation"/>
      </FileInfo>
    </File>
    <File Path="$PSRCDIR/sources_1/new/bin2bcd.v">
      <FileInfo SFType="SVerilog">
        <Attr Name="UsedIn" Val="synthesis"/>
        <Attr Name="UsedIn" Val="implementation"/>
        <Attr Name="UsedIn" Val="simulation"/>
      </FileInfo>
    </File>
    <File Path="$PSRCDIR/sources_1/new/cnt2b.v">
      <FileInfo SFType="SVerilog">
        <Attr Name="UsedIn" Val="synthesis"/>
        <Attr Name="UsedIn" Val="implementation"/>
        <Attr Name="UsedIn" Val="simulation"/>
      </FileInfo>
    </File>
    <File Path="$PSRCDIR/sources_1/new/decoder.v">
      <FileInfo SFType="SVerilog">
        <Attr Name="UsedIn" Val="synthesis"/>
        <Attr Name="UsedIn" Val="implementation"/>
        <Attr Name="UsedIn" Val="simulation"/>
      </FileInfo>
    </File>
    <File Path="$PSRCDIR/sources_1/new/wrapper_RTM.v">
      <FileInfo SFType="SVerilog">
        <Attr Name="UsedIn" Val="synthesis"/>
        <Attr Name="UsedIn" Val="implementation"/>
        <Attr Name="UsedIn" Val="simulation"/>
      </FileInfo>
    </File>
    <File Path="$PSRCDIR/sources_1/new/clk_div1.sv">
      <FileInfo>
        <Attr Name="UsedIn" Val="synthesis"/>
        <Attr Name="UsedIn" Val="implementation"/>
        <Attr Name="UsedIn" Val="simulation"/>
      </FileInfo>
    </File>
    <File Path="$PSRCDIR/sources_1/new/clk_1khz.v">
      <FileInfo SFType="SVerilog">
        <Attr Name="UsedIn" Val="synthesis"/>
        <Attr Name="UsedIn" Val="implementation"/>
        <Attr Name="UsedIn" Val="simulation"/>
      </FileInfo>
    </File>
    <Config>
      <Option Name="DesignMode" Val="RTL"/>
      <Option Name="TopModule" Val="wrapper_RTM"/>
      <Option Name="TopAutoSet" Val="TRUE"/>
    </Config>
  </FileSet>
  <FileSet Name="constrs_in" Type="Constrs" RelSrcDir="$PSRCDIR/constrs_1">
    <Filter Type="Constrs"/>
    <File Path="$PSRCDIR/constrs_1/new/conRTM.xdc">
      <FileInfo>
        <Attr Name="UsedIn" Val="synthesis"/>
        <Attr Name="UsedIn" Val="implementation"/>
      </FileInfo>
    </File>
    <Config>
      <Option Name="ConstrsType" Val="XDC"/>
    </Config>
  </FileSet>
  <FileSet Name="utils" Type="Utils" RelSrcDir="$PSRCDIR/utils_1">
    <Filter Type="Utils"/>
    <Config>
      <Option Name="TopAutoSet" Val="TRUE"/>
    </Config>
  </FileSet>
  <Strategy Version="1" Minor="2">
    <StratHandle Name="Vivado Implementation Defaults" Flow="Vivado Implementation 2021"/>
    <Step Id="init_design"/>
    <Step Id="opt_design"/>
    <Step Id="power_opt_design"/>
    <Step Id="place_design"/>
    <Step Id="post_place_power_opt_design"/>
    <Step Id="phys_opt_design"/>
    <Step Id="route_design"/>
    <Step Id="post_route_phys_opt_design"/>
    <Step Id="write_bitstream"/>
  </Strategy>
</GenRun>
